time,body_x,body_y,body_z,foot_l_x,foot_l_y,foot_l_z,foot_r_x,foot_r_y,foot_r_z,body_dx,body_dy,body_dz,leg_length_r,leg_set_point_r,leg_length_l,leg_set_point_l,leg_force_l,leg_force_r,leg_x_force_l,leg_y_force_l,leg_z_force_l,leg_x_force_r,leg_y_force_r,leg_z_force_r
0,0.0040816,0.0081633,0.012245,0.016327,0.020408,0.02449,0.028571,0.032653,0.036735,0.040816,0.044898,0.04898,0.053061,0.057143,0.061224,0.065306,0.069388,0.073469,0.077551,0.081633,0.085714,0.089796,0.093878,0.097959,0.10204,0.10612,0.1102,0.11429,0.11837,0.12245,0.12653,0.13061,0.13469,0.13878,0.14286,0.14694,0.15102,0.1551,0.15918,0.16327,0.16735,0.17143,0.17551,0.17959,0.18367,0.18776,0.19184,0.19592,0.2,0.20288,0.20577,0.20865,0.21154,0.21442,0.21731,0.22019,0.22308,0.22596,0.22884,0.23173,0.23461,0.2375,0.24038,0.24327,0.24615,0.24904,0.25192,0.25481,0.25769,0.26057,0.26346,0.26634,0.26923,0.27211,0.275,0.27788,0.28077,0.28365,0.28653,0.28942,0.2923,0.29519,0.29807,0.30096,0.30384,0.30673,0.30961,0.3125,0.31538,0.31826,0.32115,0.32403,0.32692,0.3298,0.33269,0.33557,0.33846,0.34134,0.34542,0.3495,0.35359,0.35767,0.36175,0.36583,0.36991,0.37399,0.37807,0.38216,0.38624,0.39032,0.3944,0.39848,0.40256,0.40665,0.41073,0.41481,0.41889,0.42297,0.42705,0.43114,0.43522,0.4393,0.44338,0.44746,0.45154,0.45563,0.45971,0.46379,0.46787,0.47195,0.47603,0.48012,0.4842,0.48828,0.49236,0.49644,0.50052,0.50461,0.50869,0.51277,0.51685,0.52093,0.52501,0.5291,0.53318,0.53726,0.54134,0.54422,0.54711,0.54999,0.55288,0.55576,0.55865,0.56153,0.56442,0.5673,0.57019,0.57307,0.57595,0.57884,0.58172,0.58461,0.58749,0.59038,0.59326,0.59615,0.59903,0.60191,0.6048,0.60768,0.61057,0.61345,0.61634,0.61922,0.62211,0.62499,0.62788,0.63076,0.63364,0.63653,0.63941,0.6423,0.64518,0.64807,0.65095,0.65384,0.65672,0.6596,0.66249,0.66537,0.66826,0.67114,0.67403,0.67691,0.6798
0,0.0012285,0.0024523,0.0036718,0.0048876,0.0061001,0.0073096,0.0085166,0.0097215,0.010924,0.012126,0.013326,0.014525,0.015723,0.016921,0.018118,0.019314,0.020511,0.021707,0.022903,0.024099,0.025295,0.026491,0.027687,0.028883,0.030079,0.031274,0.03247,0.033666,0.034862,0.036058,0.037254,0.03845,0.039647,0.040843,0.042041,0.043238,0.044437,0.045636,0.046836,0.048038,0.049241,0.050446,0.051653,0.052863,0.054076,0.055293,0.056513,0.057737,0.058967,0.059839,0.060713,0.061589,0.062467,0.063347,0.064229,0.065112,0.065997,0.066882,0.067769,0.068657,0.069545,0.070434,0.071324,0.072215,0.073105,0.073997,0.074888,0.07578,0.076672,0.077564,0.078456,0.079348,0.080241,0.081133,0.082026,0.082918,0.08381,0.084702,0.085594,0.086486,0.087377,0.088268,0.089159,0.090049,0.090939,0.091828,0.092716,0.093604,0.09449,0.095376,0.09626,0.097143,0.098024,0.098904,0.099782,0.10066,0.10153,0.1024,0.10363,0.10485,0.10607,0.10729,0.1085,0.10971,0.11092,0.11212,0.11333,0.11453,0.11573,0.11693,0.11813,0.11932,0.12052,0.12172,0.12291,0.12411,0.12531,0.1265,0.1277,0.12889,0.13009,0.13128,0.13248,0.13368,0.13487,0.13607,0.13726,0.13846,0.13966,0.14085,0.14205,0.14325,0.14444,0.14564,0.14684,0.14804,0.14924,0.15044,0.15164,0.15285,0.15406,0.15527,0.15648,0.15769,0.15892,0.16014,0.16137,0.16224,0.16311,0.16399,0.16487,0.16575,0.16663,0.16751,0.1684,0.16928,0.17017,0.17106,0.17195,0.17284,0.17373,0.17462,0.17551,0.1764,0.17729,0.17818,0.17907,0.17997,0.18086,0.18175,0.18264,0.18354,0.18443,0.18532,0.18621,0.1871,0.188,0.18889,0.18978,0.19067,0.19156,0.19245,0.19334,0.19423,0.19512,0.19601,0.19689,0.19778,0.19866,0.19954,0.20043,0.20131,0.20218,0.20306,0.20393
0,-0.00014419,-0.00027239,-0.00038561,-0.00048486,-0.00057114,-0.00064548,-0.00070886,-0.00076228,-0.00080671,-0.00084309,-0.00087232,-0.00089529,-0.00091282,-0.00092571,-0.00093469,-0.00094043,-0.00094358,-0.00094468,-0.00094423,-0.00094268,-0.00094037,-0.00093761,-0.00093461,-0.00093152,-0.0009284,-0.00092527,-0.00092205,-0.00091859,-0.00091467,-0.00091,-0.00090422,-0.00089689,-0.00088753,-0.00087555,-0.00086035,-0.00084124,-0.00081748,-0.00078828,-0.00075281,-0.0007102,-0.00065953,-0.00059987,-0.00053023,-0.00044964,-0.0003571,-0.00025158,-0.00013208,2.4123e-06,0.0001529,0.00026919,0.00039363,0.00052598,0.00066599,0.00081341,0.00096796,0.0011294,0.0012973,0.0014715,0.0016516,0.0018372,0.0020281,0.0022238,0.0024241,0.0026284,0.0028366,0.003048,0.0032625,0.0034795,0.0036986,0.0039195,0.0041418,0.004365,0.0045887,0.0048125,0.005036,0.0052588,0.0054805,0.0057005,0.0059187,0.0061344,0.0063474,0.0065572,0.0067635,0.0069658,0.0071638,0.0073571,0.0075453,0.0077281,0.0079052,0.0080762,0.0082408,0.0083987,0.0085496,0.0086932,0.0088292,0.0089574,0.0090776,0.0091895,0.0093337,0.0094619,0.0095751,0.0096743,0.0097606,0.009835,0.0098983,0.0099518,0.0099962,0.010033,0.010062,0.010085,0.010102,0.010115,0.010124,0.01013,0.010133,0.010134,0.010134,0.010132,0.01013,0.010127,0.010124,0.010121,0.010118,0.010115,0.010112,0.010108,0.010104,0.010099,0.010094,0.010086,0.010077,0.010065,0.01005,0.010031,0.010007,0.0099778,0.0099423,0.0098997,0.009849,0.0097894,0.0097197,0.0096391,0.0095466,0.0094411,0.0093216,0.0091871,0.0090366,0.0089203,0.0087959,0.0086635,0.0085235,0.0083761,0.0082215,0.0080601,0.0078922,0.007718,0.0075379,0.0073523,0.0071614,0.0069657,0.0067654,0.006561,0.0063529,0.0061415,0.005927,0.00571,0.0054909,0.0052699,0.0050477,0.0048245,0.0046008,0.0043769,0.0041534,0.0039307,0.003709,0.0034889,0.0032708,0.0030551,0.0028421,0.0026323,0.002426,0.0022237,0.0020257,0.0018324,0.0016442,0.0014614,0.0012843,0.0011133,0.00094867,0.00079079,0.00063991,0.00049633,0.0003603,0.00023208,0.00011191
0.8862,0.88872,0.89122,0.8937,0.89615,0.89856,0.90091,0.90321,0.90544,0.90759,0.90966,0.91163,0.9135,0.91525,0.91689,0.91841,0.91979,0.92103,0.92213,0.92308,0.92388,0.92452,0.925,0.92533,0.92549,0.92548,0.92532,0.92499,0.9245,0.92385,0.92304,0.92208,0.92098,0.91973,0.91834,0.91682,0.91518,0.91341,0.91154,0.90956,0.90749,0.90533,0.90309,0.90079,0.89842,0.89601,0.89355,0.89106,0.88855,0.88603,0.88424,0.88246,0.88069,0.87894,0.87722,0.87553,0.87389,0.8723,0.87076,0.86929,0.86788,0.86655,0.8653,0.86413,0.86306,0.86208,0.8612,0.86042,0.85975,0.85919,0.85874,0.8584,0.85817,0.85807,0.85807,0.8582,0.85844,0.85879,0.85926,0.85983,0.86052,0.86131,0.8622,0.86319,0.86428,0.86545,0.86671,0.86805,0.86946,0.87094,0.87248,0.87408,0.87572,0.87741,0.87913,0.88087,0.88264,0.88442,0.8862,0.88872,0.89122,0.8937,0.89615,0.89856,0.90091,0.90321,0.90544,0.90759,0.90966,0.91163,0.9135,0.91525,0.91689,0.91841,0.91979,0.92103,0.92213,0.92308,0.92388,0.92452,0.925,0.92533,0.92549,0.92548,0.92532,0.92499,0.9245,0.92385,0.92304,0.92208,0.92098,0.91973,0.91834,0.91682,0.91518,0.91341,0.91154,0.90956,0.90749,0.90533,0.90309,0.90079,0.89842,0.89601,0.89355,0.89106,0.88855,0.88603,0.88424,0.88246,0.88069,0.87894,0.87722,0.87553,0.87389,0.8723,0.87076,0.86929,0.86788,0.86655,0.8653,0.86413,0.86306,0.86208,0.8612,0.86042,0.85975,0.85919,0.85874,0.8584,0.85817,0.85807,0.85807,0.8582,0.85844,0.85879,0.85926,0.85983,0.86052,0.86131,0.8622,0.86319,0.86428,0.86545,0.86671,0.86805,0.86946,0.87094,0.87248,0.87408,0.87572,0.87741,0.87913,0.88087,0.88264,0.88442
0.029211,0.029211,0.029211,0.029211,0.029211,0.029211,0.029211,0.029211,0.029211,0.029211,0.029211,0.029211,0.029211,0.029211,0.029211,0.029211,0.029211,0.029211,0.029211,0.029211,0.029211,0.029211,0.029211,0.029211,0.029211,0.029211,0.029211,0.029211,0.029211,0.029211,0.029211,0.029211,0.029211,0.029211,0.029211,0.029211,0.029211,0.029211,0.029211,0.029211,0.029211,0.029211,0.029211,0.029211,0.029211,0.029211,0.029211,0.029211,0.029211,0.029211,0.029211,0.029211,0.029211,0.029211,0.029211,0.029211,0.029211,0.029211,0.029211,0.029211,0.029211,0.029211,0.029211,0.029211,0.029211,0.029211,0.029211,0.029211,0.029211,0.029211,0.029211,0.029211,0.029211,0.029211,0.029211,0.029211,0.029211,0.029211,0.029211,0.029211,0.029211,0.029211,0.029211,0.029211,0.029211,0.029211,0.029211,0.029211,0.029211,0.029211,0.029211,0.029211,0.029211,0.029211,0.029211,0.029211,0.029211,0.029211,NaN,NaN,NaN,NaN,NaN,NaN,NaN,NaN,NaN,NaN,NaN,NaN,NaN,NaN,NaN,NaN,NaN,NaN,NaN,NaN,NaN,NaN,NaN,NaN,NaN,NaN,NaN,NaN,NaN,NaN,NaN,NaN,NaN,NaN,NaN,NaN,NaN,NaN,NaN,NaN,NaN,NaN,NaN,NaN,NaN,NaN,NaN,NaN,NaN,0.23402,0.23402,0.23402,0.23402,0.23402,0.23402,0.23402,0.23402,0.23402,0.23402,0.23402,0.23402,0.23402,0.23402,0.23402,0.23402,0.23402,0.23402,0.23402,0.23402,0.23402,0.23402,0.23402,0.23402,0.23402,0.23402,0.23402,0.23402,0.23402,0.23402,0.23402,0.23402,0.23402,0.23402,0.23402,0.23402,0.23402,0.23402,0.23402,0.23402,0.23402,0.23402,0.23402,0.23402,0.23402,0.23402,0.23402,0.23402,0.23402
-0.095405,-0.095405,-0.095405,-0.095405,-0.095405,-0.095405,-0.095405,-0.095405,-0.095405,-0.095405,-0.095405,-0.095405,-0.095405,-0.095405,-0.095405,-0.095405,-0.095405,-0.095405,-0.095405,-0.095405,-0.095405,-0.095405,-0.095405,-0.095405,-0.095405,-0.095405,-0.095405,-0.095405,-0.095405,-0.095405,-0.095405,-0.095405,-0.095405,-0.095405,-0.095405,-0.095405,-0.095405,-0.095405,-0.095405,-0.095405,-0.095405,-0.095405,-0.095405,-0.095405,-0.095405,-0.095405,-0.095405,-0.095405,-0.095405,-0.095405,-0.095405,-0.095405,-0.095405,-0.095405,-0.095405,-0.095405,-0.095405,-0.095405,-0.095405,-0.095405,-0.095405,-0.095405,-0.095405,-0.095405,-0.095405,-0.095405,-0.095405,-0.095405,-0.095405,-0.095405,-0.095405,-0.095405,-0.095405,-0.095405,-0.095405,-0.095405,-0.095405,-0.095405,-0.095405,-0.095405,-0.095405,-0.095405,-0.095405,-0.095405,-0.095405,-0.095405,-0.095405,-0.095405,-0.095405,-0.095405,-0.095405,-0.095405,-0.095405,-0.095405,-0.095405,-0.095405,-0.095405,-0.095405,NaN,NaN,NaN,NaN,NaN,NaN,NaN,NaN,NaN,NaN,NaN,NaN,NaN,NaN,NaN,NaN,NaN,NaN,NaN,NaN,NaN,NaN,NaN,NaN,NaN,NaN,NaN,NaN,NaN,NaN,NaN,NaN,NaN,NaN,NaN,NaN,NaN,NaN,NaN,NaN,NaN,NaN,NaN,NaN,NaN,NaN,NaN,NaN,NaN,-0.095405,-0.095405,-0.095405,-0.095405,-0.095405,-0.095405,-0.095405,-0.095405,-0.095405,-0.095405,-0.095405,-0.095405,-0.095405,-0.095405,-0.095405,-0.095405,-0.095405,-0.095405,-0.095405,-0.095405,-0.095405,-0.095405,-0.095405,-0.095405,-0.095405,-0.095405,-0.095405,-0.095405,-0.095405,-0.095405,-0.095405,-0.095405,-0.095405,-0.095405,-0.095405,-0.095405,-0.095405,-0.095405,-0.095405,-0.095405,-0.095405,-0.095405,-0.095405,-0.095405,-0.095405,-0.095405,-0.095405,-0.095405,-0.095405
0,0,0,0,0,0,0,0,0,0,0,0,0,0,0,0,0,0,0,0,0,0,0,0,0,0,0,0,0,0,0,0,0,0,0,0,0,0,0,0,0,0,0,0,0,0,0,0,0,0,0,0,0,0,0,0,0,0,0,0,0,0,0,0,0,0,0,0,0,0,0,0,0,0,0,0,0,0,0,0,0,0,0,0,0,0,0,0,0,0,0,0,0,0,0,0,0,0,NaN,NaN,NaN,NaN,NaN,NaN,NaN,NaN,NaN,NaN,NaN,NaN,NaN,NaN,NaN,NaN,NaN,NaN,NaN,NaN,NaN,NaN,NaN,NaN,NaN,NaN,NaN,NaN,NaN,NaN,NaN,NaN,NaN,NaN,NaN,NaN,NaN,NaN,NaN,NaN,NaN,NaN,NaN,NaN,NaN,NaN,NaN,NaN,NaN,0,0,0,0,0,0,0,0,0,0,0,0,0,0,0,0,0,0,0,0,0,0,0,0,0,0,0,0,0,0,0,0,0,0,0,0,0,0,0,0,0,0,0,0,0,0,0,0,0
NaN,NaN,NaN,NaN,NaN,NaN,NaN,NaN,NaN,NaN,NaN,NaN,NaN,NaN,NaN,NaN,NaN,NaN,NaN,NaN,NaN,NaN,NaN,NaN,NaN,NaN,NaN,NaN,NaN,NaN,NaN,NaN,NaN,NaN,NaN,NaN,NaN,NaN,NaN,NaN,NaN,NaN,NaN,NaN,NaN,NaN,NaN,NaN,NaN,0.13161,0.13161,0.13161,0.13161,0.13161,0.13161,0.13161,0.13161,0.13161,0.13161,0.13161,0.13161,0.13161,0.13161,0.13161,0.13161,0.13161,0.13161,0.13161,0.13161,0.13161,0.13161,0.13161,0.13161,0.13161,0.13161,0.13161,0.13161,0.13161,0.13161,0.13161,0.13161,0.13161,0.13161,0.13161,0.13161,0.13161,0.13161,0.13161,0.13161,0.13161,0.13161,0.13161,0.13161,0.13161,0.13161,0.13161,0.13161,0.13161,0.13161,0.13161,0.13161,0.13161,0.13161,0.13161,0.13161,0.13161,0.13161,0.13161,0.13161,0.13161,0.13161,0.13161,0.13161,0.13161,0.13161,0.13161,0.13161,0.13161,0.13161,0.13161,0.13161,0.13161,0.13161,0.13161,0.13161,0.13161,0.13161,0.13161,0.13161,0.13161,0.13161,0.13161,0.13161,0.13161,0.13161,0.13161,0.13161,0.13161,0.13161,0.13161,0.13161,0.13161,0.13161,0.13161,0.13161,0.13161,0.13161,0.13161,0.13161,0.13161,0.13161,0.13161,0.13161,0.13161,0.13161,0.13161,0.13161,0.13161,0.13161,0.13161,0.13161,0.13161,0.13161,0.13161,0.13161,0.13161,0.13161,0.13161,0.13161,0.13161,0.13161,0.13161,0.13161,0.13161,0.13161,0.13161,0.13161,0.13161,0.13161,0.13161,0.13161,0.13161,0.13161,0.13161,0.13161,0.13161,0.13161,0.13161,0.13161,0.13161,0.13161,0.13161,0.13161,0.13161,0.13161,0.13161
NaN,NaN,NaN,NaN,NaN,NaN,NaN,NaN,NaN,NaN,NaN,NaN,NaN,NaN,NaN,NaN,NaN,NaN,NaN,NaN,NaN,NaN,NaN,NaN,NaN,NaN,NaN,NaN,NaN,NaN,NaN,NaN,NaN,NaN,NaN,NaN,NaN,NaN,NaN,NaN,NaN,NaN,NaN,NaN,NaN,NaN,NaN,NaN,NaN,0.10459,0.10459,0.10459,0.10459,0.10459,0.10459,0.10459,0.10459,0.10459,0.10459,0.10459,0.10459,0.10459,0.10459,0.10459,0.10459,0.10459,0.10459,0.10459,0.10459,0.10459,0.10459,0.10459,0.10459,0.10459,0.10459,0.10459,0.10459,0.10459,0.10459,0.10459,0.10459,0.10459,0.10459,0.10459,0.10459,0.10459,0.10459,0.10459,0.10459,0.10459,0.10459,0.10459,0.10459,0.10459,0.10459,0.10459,0.10459,0.10459,0.10459,0.10459,0.10459,0.10459,0.10459,0.10459,0.10459,0.10459,0.10459,0.10459,0.10459,0.10459,0.10459,0.10459,0.10459,0.10459,0.10459,0.10459,0.10459,0.10459,0.10459,0.10459,0.10459,0.10459,0.10459,0.10459,0.10459,0.10459,0.10459,0.10459,0.10459,0.10459,0.10459,0.10459,0.10459,0.10459,0.10459,0.10459,0.10459,0.10459,0.10459,0.10459,0.10459,0.10459,0.10459,0.10459,0.10459,0.10459,0.10459,0.10459,0.10459,0.10459,0.10459,0.10459,0.10459,0.10459,0.10459,0.10459,0.10459,0.10459,0.10459,0.10459,0.10459,0.10459,0.10459,0.10459,0.10459,0.10459,0.10459,0.10459,0.10459,0.10459,0.10459,0.10459,0.10459,0.10459,0.10459,0.10459,0.10459,0.10459,0.10459,0.10459,0.10459,0.10459,0.10459,0.10459,0.10459,0.10459,0.10459,0.10459,0.10459,0.10459,0.10459,0.10459,0.10459,0.10459,0.10459,0.10459
NaN,NaN,NaN,NaN,NaN,NaN,NaN,NaN,NaN,NaN,NaN,NaN,NaN,NaN,NaN,NaN,NaN,NaN,NaN,NaN,NaN,NaN,NaN,NaN,NaN,NaN,NaN,NaN,NaN,NaN,NaN,NaN,NaN,NaN,NaN,NaN,NaN,NaN,NaN,NaN,NaN,NaN,NaN,NaN,NaN,NaN,NaN,NaN,NaN,0,0,0,0,0,0,0,0,0,0,0,0,0,0,0,0,0,0,0,0,0,0,0,0,0,0,0,0,0,0,0,0,0,0,0,0,0,0,0,0,0,0,0,0,0,0,0,0,0,0,0,0,0,0,0,0,0,0,0,0,0,0,0,0,0,0,0,0,0,0,0,0,0,0,0,0,0,0,0,0,0,0,0,0,0,0,0,0,0,0,0,0,0,0,0,0,0,0,0,0,0,0,0,0,0,0,0,0,0,0,0,0,0,0,0,0,0,0,0,0,0,0,0,0,0,0,0,0,0,0,0,0,0,0,0,0,0,0,0,0,0,0,0,0,0,0,0
0.30158,0.30037,0.29928,0.2983,0.29744,0.29667,0.29601,0.29543,0.29494,0.29452,0.29417,0.29388,0.29365,0.29347,0.29333,0.29322,0.29314,0.29308,0.29304,0.29302,0.29301,0.293,0.293,0.29299,0.29299,0.29299,0.29299,0.293,0.293,0.29301,0.29302,0.29305,0.29309,0.29315,0.29323,0.29334,0.29349,0.29368,0.29392,0.29422,0.29458,0.29501,0.29551,0.2961,0.29679,0.29757,0.29845,0.29945,0.30056,0.30179,0.30265,0.30343,0.30415,0.30481,0.3054,0.30594,0.30643,0.30686,0.30725,0.30759,0.30789,0.30816,0.30838,0.30858,0.30875,0.30889,0.30901,0.30911,0.30919,0.30925,0.3093,0.30934,0.30936,0.30937,0.30937,0.30936,0.30933,0.3093,0.30924,0.30918,0.30909,0.30899,0.30886,0.30872,0.30854,0.30834,0.3081,0.30783,0.30752,0.30716,0.30676,0.30632,0.30582,0.30526,0.30465,0.30398,0.30325,0.30245,0.30158,0.30037,0.29928,0.2983,0.29744,0.29667,0.29601,0.29543,0.29494,0.29452,0.29417,0.29388,0.29365,0.29347,0.29333,0.29322,0.29314,0.29308,0.29304,0.29302,0.29301,0.293,0.293,0.29299,0.29299,0.29299,0.29299,0.293,0.293,0.29301,0.29302,0.29305,0.29309,0.29315,0.29323,0.29334,0.29349,0.29368,0.29392,0.29422,0.29458,0.29501,0.29551,0.2961,0.29679,0.29757,0.29845,0.29945,0.30056,0.30179,0.30265,0.30343,0.30415,0.30481,0.3054,0.30594,0.30643,0.30686,0.30725,0.30759,0.30789,0.30816,0.30838,0.30858,0.30875,0.30889,0.30901,0.30911,0.30919,0.30925,0.3093,0.30934,0.30936,0.30937,0.30937,0.30936,0.30933,0.3093,0.30924,0.30918,0.30909,0.30899,0.30886,0.30872,0.30854,0.30834,0.3081,0.30783,0.30752,0.30716,0.30676,0.30632,0.30582,0.30526,0.30465,0.30398,0.30325,0.30245
-0.037344,-0.033307,-0.029513,-0.025965,-0.022666,-0.019614,-0.016809,-0.014249,-0.011928,-0.0098417,-0.0079826,-0.0063424,-0.0049117,-0.0036798,-0.0026347,-0.0017636,-0.0010527,-0.00048737,-5.2163e-05,0.00026903,0.00049288,0.00063653,0.00071747,0.00075349,0.00076249,0.00076249,0.0007715,0.00080751,0.00088845,0.0010321,0.0012559,0.0015772,0.0020124,0.0025778,0.0032888,0.0041601,0.0052055,0.0064379,0.0078691,0.0095099,0.01137,0.013457,0.015779,0.018341,0.021147,0.024201,0.027503,0.031052,0.034849,0.038888,0.041748,0.044531,0.047233,0.049847,0.052369,0.054793,0.057116,0.059331,0.061436,0.063426,0.065298,0.067047,0.068672,0.070168,0.071533,0.072765,0.073861,0.07482,0.07564,0.07632,0.076857,0.077252,0.077504,0.077611,0.077575,0.077395,0.077071,0.076603,0.075994,0.075243,0.074351,0.073322,0.072155,0.070854,0.069421,0.067857,0.066167,0.064353,0.062417,0.060365,0.0582,0.055925,0.053546,0.051066,0.048491,0.045826,0.043076,0.040247,0.037344,0.033307,0.029513,0.025965,0.022666,0.019614,0.016809,0.014249,0.011928,0.0098417,0.0079826,0.0063424,0.0049117,0.0036798,0.0026347,0.0017636,0.0010527,0.00048737,5.2163e-05,-0.00026903,-0.00049288,-0.00063653,-0.00071747,-0.00075349,-0.00076249,-0.00076249,-0.0007715,-0.00080751,-0.00088845,-0.0010321,-0.0012559,-0.0015772,-0.0020124,-0.0025778,-0.0032888,-0.0041601,-0.0052055,-0.0064379,-0.0078691,-0.0095099,-0.01137,-0.013457,-0.015779,-0.018341,-0.021147,-0.024201,-0.027503,-0.031052,-0.034849,-0.038888,-0.041748,-0.044531,-0.047233,-0.049847,-0.052369,-0.054793,-0.057116,-0.059331,-0.061436,-0.063426,-0.065298,-0.067047,-0.068672,-0.070168,-0.071533,-0.072765,-0.073861,-0.07482,-0.07564,-0.07632,-0.076857,-0.077252,-0.077504,-0.077611,-0.077575,-0.077395,-0.077071,-0.076603,-0.075994,-0.075243,-0.074351,-0.073322,-0.072155,-0.070854,-0.069421,-0.067857,-0.066167,-0.064353,-0.062417,-0.060365,-0.0582,-0.055925,-0.053546,-0.051066,-0.048491,-0.045826,-0.043076,-0.040247
0.6181,0.61564,0.61107,0.60432,0.59538,0.5842,0.57077,0.55511,0.53724,0.51719,0.495,0.47076,0.44453,0.41641,0.3865,0.35492,0.32179,0.28726,0.25146,0.21456,0.17671,0.13807,0.098824,0.059136,0.019183,-0.020857,-0.06081,-0.1005,-0.13975,-0.17838,-0.21624,-0.25314,-0.28894,-0.32347,-0.3566,-0.38819,-0.4181,-0.44623,-0.47247,-0.49672,-0.51892,-0.53898,-0.55687,-0.57255,-0.586,-0.5972,-0.60618,-0.61296,-0.61757,-0.62007,-0.61943,-0.61616,-0.6103,-0.60185,-0.59085,-0.57737,-0.56144,-0.54314,-0.52256,-0.49977,-0.47487,-0.44797,-0.41918,-0.38863,-0.35644,-0.32275,-0.28771,-0.25145,-0.21415,-0.17594,-0.137,-0.097492,-0.057577,-0.017425,0.022792,0.062907,0.10275,0.14215,0.18095,0.21897,0.25607,0.29208,0.32685,0.36024,0.39211,0.42232,0.45074,0.47726,0.50177,0.52415,0.54433,0.56221,0.57772,0.59079,0.60137,0.60943,0.61491,0.61781,0.6181,0.61564,0.61107,0.60432,0.59538,0.5842,0.57077,0.55511,0.53724,0.51719,0.495,0.47076,0.44453,0.41641,0.3865,0.35492,0.32179,0.28726,0.25146,0.21456,0.17671,0.13807,0.098824,0.059136,0.019183,-0.020857,-0.06081,-0.1005,-0.13975,-0.17838,-0.21624,-0.25314,-0.28894,-0.32347,-0.3566,-0.38819,-0.4181,-0.44623,-0.47247,-0.49672,-0.51892,-0.53898,-0.55687,-0.57255,-0.586,-0.5972,-0.60618,-0.61296,-0.61757,-0.62007,-0.61943,-0.61616,-0.6103,-0.60185,-0.59085,-0.57737,-0.56144,-0.54314,-0.52256,-0.49977,-0.47487,-0.44797,-0.41918,-0.38863,-0.35644,-0.32275,-0.28771,-0.25145,-0.21415,-0.17594,-0.137,-0.097492,-0.057577,-0.017425,0.022792,0.062907,0.10275,0.14215,0.18095,0.21897,0.25607,0.29208,0.32685,0.36024,0.39211,0.42232,0.45074,0.47726,0.50177,0.52415,0.54433,0.56221,0.57772,0.59079,0.60137,0.60943,0.61491,0.61781
0.8918,0.89425,0.89668,0.8991,0.90149,0.90384,0.90615,0.9084,0.91058,0.91269,0.91472,0.91666,0.91849,0.92022,0.92183,0.92332,0.92468,0.9259,0.92699,0.92792,0.92871,0.92934,0.92982,0.93014,0.9303,0.93029,0.93013,0.92981,0.92932,0.92868,0.92789,0.92695,0.92586,0.92463,0.92327,0.92177,0.92015,0.91842,0.91658,0.91464,0.91261,0.91049,0.9083,0.90605,0.90373,0.90138,0.89898,0.89656,0.89411,0.89166,0.88993,0.8882,0.88649,0.8848,0.88314,0.88152,0.87994,0.87841,0.87694,0.87554,0.8742,0.87294,0.87176,0.87067,0.86967,0.86877,0.86797,0.86726,0.86667,0.86619,0.86581,0.86555,0.86541,0.86538,0.86547,0.86567,0.86599,0.86642,0.86696,0.86762,0.86838,0.86925,0.87022,0.87128,0.87244,0.87369,0.87503,0.87644,0.87792,0.87947,0.88109,0.88275,0.88447,0.88622,0.88801,0.88982,0.89165,0.8935,0.89663,0.89148,0.88653,0.88179,0.87727,0.87295,0.86884,0.86494,0.86126,0.85778,0.85452,0.85147,0.84863,0.846,0.84359,0.84138,0.8394,0.83762,0.83606,0.83471,0.83358,0.83266,0.83195,0.83146,0.83119,0.83113,0.83129,0.83166,0.83225,0.83306,0.83408,0.83532,0.83678,0.83845,0.84035,0.84246,0.84479,0.84734,0.85011,0.8531,0.85631,0.85973,0.86338,0.86725,0.87134,0.87565,0.88018,0.88494,0.88991,0.89511,0.89326,0.89141,0.88957,0.88776,0.88597,0.88422,0.8825,0.88084,0.87923,0.87769,0.87621,0.8748,0.87348,0.87224,0.87109,0.87003,0.86908,0.86822,0.86748,0.86683,0.86631,0.86589,0.86559,0.8654,0.86533,0.86538,0.86554,0.86581,0.8662,0.8667,0.86731,0.86802,0.86884,0.86976,0.87077,0.87187,0.87306,0.87432,0.87567,0.87708,0.87855,0.88008,0.88166,0.88329,0.88495,0.88663,0.88834,0.89007
0.98783,0.98517,0.98234,0.97937,0.97628,0.97311,0.96988,0.96662,0.96337,0.96014,0.95697,0.95388,0.95089,0.94804,0.94533,0.9428,0.94047,0.93834,0.93644,0.93477,0.93336,0.9322,0.93131,0.93069,0.93034,0.93027,0.93047,0.93094,0.93169,0.9327,0.93398,0.9355,0.93728,0.93928,0.9415,0.94392,0.94652,0.94928,0.95218,0.9552,0.95831,0.96149,0.9647,0.96793,0.97114,0.9743,0.97739,0.98038,0.98324,0.98594,0.98773,0.98942,0.991,0.99246,0.99379,0.99498,0.99602,0.9969,0.99763,0.99819,0.99857,0.99877,0.99879,0.99863,0.99827,0.99771,0.99697,0.99602,0.99487,0.99353,0.992,0.99026,0.98834,0.98623,0.98393,0.98146,0.97881,0.976,0.97303,0.9699,0.96664,0.96324,0.95971,0.95608,0.95234,0.94851,0.94461,0.94064,0.93662,0.93256,0.92848,0.92439,0.92029,0.91622,0.91218,0.90819,0.90426,0.9004,0.89663,0.89148,0.88653,0.88179,0.87727,0.87295,0.86884,0.86494,0.86126,0.85778,0.85452,0.85147,0.84863,0.846,0.84359,0.84138,0.8394,0.83762,0.83606,0.83471,0.83358,0.83266,0.83195,0.83146,0.83119,0.83113,0.83129,0.83166,0.83225,0.83306,0.83408,0.83532,0.83678,0.83845,0.84035,0.84246,0.84479,0.84734,0.85011,0.8531,0.85631,0.85973,0.86338,0.86725,0.87134,0.87565,0.88018,0.88494,0.88991,0.89511,0.89892,0.90281,0.90679,0.91083,0.91492,0.91904,0.92319,0.92734,0.93149,0.93561,0.9397,0.94374,0.94772,0.95162,0.95543,0.95915,0.96275,0.96623,0.96958,0.97279,0.97585,0.97875,0.98149,0.98405,0.98644,0.98864,0.99065,0.99247,0.9941,0.99552,0.99676,0.99779,0.99862,0.99926,0.9997,0.99994,1,0.99987,0.99956,0.99907,0.99841,0.99759,0.9966,0.99547,0.9942,0.99278,0.99125,0.98959
0.89663,0.89148,0.88653,0.88179,0.87727,0.87295,0.86884,0.86494,0.86126,0.85778,0.85452,0.85147,0.84863,0.846,0.84359,0.84138,0.8394,0.83762,0.83606,0.83471,0.83358,0.83266,0.83195,0.83146,0.83119,0.83113,0.83129,0.83166,0.83225,0.83306,0.83408,0.83532,0.83678,0.83845,0.84035,0.84246,0.84479,0.84734,0.85011,0.8531,0.85631,0.85973,0.86338,0.86725,0.87134,0.87565,0.88018,0.88494,0.88991,0.89511,0.89326,0.89141,0.88957,0.88776,0.88597,0.88422,0.8825,0.88084,0.87923,0.87769,0.87621,0.8748,0.87348,0.87224,0.87109,0.87003,0.86908,0.86822,0.86748,0.86683,0.86631,0.86589,0.86559,0.8654,0.86533,0.86538,0.86554,0.86581,0.8662,0.8667,0.86731,0.86802,0.86884,0.86976,0.87077,0.87187,0.87306,0.87432,0.87567,0.87708,0.87855,0.88008,0.88166,0.88329,0.88495,0.88663,0.88834,0.89007,0.8918,0.89425,0.89668,0.8991,0.90149,0.90384,0.90615,0.9084,0.91058,0.91269,0.91472,0.91666,0.91849,0.92022,0.92183,0.92332,0.92468,0.9259,0.92699,0.92792,0.92871,0.92934,0.92982,0.93014,0.9303,0.93029,0.93013,0.92981,0.92932,0.92868,0.92789,0.92695,0.92586,0.92463,0.92327,0.92177,0.92015,0.91842,0.91658,0.91464,0.91261,0.91049,0.9083,0.90605,0.90373,0.90138,0.89898,0.89656,0.89411,0.89166,0.88993,0.8882,0.88649,0.8848,0.88314,0.88152,0.87994,0.87841,0.87694,0.87554,0.8742,0.87294,0.87176,0.87067,0.86967,0.86877,0.86797,0.86726,0.86667,0.86619,0.86581,0.86555,0.86541,0.86538,0.86547,0.86567,0.86599,0.86642,0.86696,0.86762,0.86838,0.86925,0.87022,0.87128,0.87244,0.87369,0.87503,0.87644,0.87792,0.87947,0.88109,0.88275,0.88447,0.88622,0.88801,0.88982,0.89165,0.8935
0.89663,0.89148,0.88653,0.88179,0.87727,0.87295,0.86884,0.86494,0.86126,0.85778,0.85452,0.85147,0.84863,0.846,0.84359,0.84138,0.8394,0.83762,0.83606,0.83471,0.83358,0.83266,0.83195,0.83146,0.83119,0.83113,0.83129,0.83166,0.83225,0.83306,0.83408,0.83532,0.83678,0.83845,0.84035,0.84246,0.84479,0.84734,0.85011,0.8531,0.85631,0.85973,0.86338,0.86725,0.87134,0.87565,0.88018,0.88494,0.88991,0.89511,0.89892,0.90281,0.90679,0.91083,0.91492,0.91904,0.92319,0.92734,0.93149,0.93561,0.9397,0.94374,0.94772,0.95162,0.95543,0.95915,0.96275,0.96623,0.96958,0.97279,0.97585,0.97875,0.98149,0.98405,0.98644,0.98864,0.99065,0.99247,0.9941,0.99552,0.99676,0.99779,0.99862,0.99926,0.9997,0.99994,1,0.99987,0.99956,0.99907,0.99841,0.99759,0.9966,0.99547,0.9942,0.99278,0.99125,0.98959,0.98783,0.98517,0.98234,0.97937,0.97628,0.97311,0.96988,0.96662,0.96337,0.96014,0.95697,0.95388,0.95089,0.94804,0.94533,0.9428,0.94047,0.93834,0.93644,0.93477,0.93336,0.9322,0.93131,0.93069,0.93034,0.93027,0.93047,0.93094,0.93169,0.9327,0.93398,0.9355,0.93728,0.93928,0.9415,0.94392,0.94652,0.94928,0.95218,0.9552,0.95831,0.96149,0.9647,0.96793,0.97114,0.9743,0.97739,0.98038,0.98324,0.98594,0.98773,0.98942,0.991,0.99246,0.99379,0.99498,0.99602,0.9969,0.99763,0.99819,0.99857,0.99877,0.99879,0.99863,0.99827,0.99771,0.99697,0.99602,0.99487,0.99353,0.992,0.99026,0.98834,0.98623,0.98393,0.98146,0.97881,0.976,0.97303,0.9699,0.96664,0.96324,0.95971,0.95608,0.95234,0.94851,0.94461,0.94064,0.93662,0.93256,0.92848,0.92439,0.92029,0.91622,0.91218,0.90819,0.90426,0.9004
285.64,270.23,254.35,238.13,221.67,205.08,188.49,171.99,155.71,139.76,124.24,109.25,94.896,81.273,68.468,56.565,45.638,35.757,26.983,19.371,12.964,7.8007,3.9074,1.3037,-9.7855e-09,-9.8115e-09,1.3035,3.9064,7.7983,12.96,19.364,26.973,35.742,45.617,56.538,68.434,81.231,94.844,109.19,124.16,139.67,155.61,171.87,188.34,204.92,221.48,237.91,254.1,269.94,285.31,295.83,306,315.78,325.11,333.95,342.26,349.98,357.07,363.5,369.22,374.21,378.42,381.83,384.4,386.13,386.98,386.93,385.99,384.13,381.34,377.63,373.01,367.46,361,353.65,345.42,336.32,326.4,315.66,304.15,291.89,278.93,265.3,251.05,236.23,220.89,205.07,188.84,172.24,155.35,138.21,120.89,103.45,85.962,68.484,51.084,33.826,16.776,0,0,0,0,0,0,0,0,0,0,0,0,0,0,0,0,0,0,0,0,0,0,0,0,-0,-0,0,0,0,0,0,0,0,0,0,0,0,0,0,0,0,0,0,0,0,0,0,0,0,3.8872,20.924,38.212,55.685,73.276,90.921,108.55,126.11,143.52,160.73,177.68,194.3,210.54,226.34,241.64,256.4,270.57,284.1,296.95,309.08,320.45,331.04,340.8,349.71,357.76,364.92,371.17,376.52,380.94,384.44,387.01,388.67,389.41,389.25,388.21,386.29,383.54,379.95,375.58,370.44,364.58,358.02,350.8,342.98,334.58,325.65,316.25,306.41,296.19
0,0,0,0,0,0,0,0,0,0,0,0,0,0,0,0,0,0,0,0,0,0,0,0,-0,-0,0,0,0,0,0,0,0,0,0,0,0,0,0,0,0,0,0,0,0,0,0,0,0,3.8872,20.924,38.212,55.685,73.276,90.921,108.55,126.11,143.52,160.73,177.68,194.3,210.54,226.34,241.64,256.4,270.57,284.1,296.95,309.08,320.45,331.04,340.8,349.71,357.76,364.92,371.17,376.52,380.94,384.44,387.01,388.67,389.41,389.25,388.21,386.29,383.54,379.95,375.58,370.44,364.58,358.02,350.8,342.98,334.58,325.65,316.25,306.41,296.19,285.64,270.23,254.35,238.13,221.67,205.08,188.49,171.99,155.71,139.76,124.24,109.25,94.896,81.273,68.468,56.565,45.638,35.757,26.983,19.371,12.964,7.8007,3.9074,1.3037,-9.7855e-09,-9.8115e-09,1.3035,3.9064,7.7983,12.96,19.364,26.973,35.742,45.617,56.538,68.434,81.231,94.844,109.19,124.16,139.67,155.61,171.87,188.34,204.92,221.48,237.91,254.1,269.94,285.31,295.83,306,315.78,325.11,333.95,342.26,349.98,357.07,363.5,369.22,374.21,378.42,381.83,384.4,386.13,386.98,386.93,385.99,384.13,381.34,377.63,373.01,367.46,361,353.65,345.42,336.32,326.4,315.66,304.15,291.89,278.93,265.3,251.05,236.23,220.89,205.07,188.84,172.24,155.35,138.21,120.89,103.45,85.962,68.484,51.084,33.826,16.776
-9.3561,-8.4559,-7.5905,-6.7642,-5.981,-5.2439,-4.5557,-3.9182,-3.3328,-2.8002,-2.3205,-1.8932,-1.5173,-1.1912,-0.91286,-0.6796,-0.48845,-0.33599,-0.21844,-0.13168,-0.071363,-0.032871,-0.011432,-0.0021366,3.4551e-12,-9.1484e-12,0.0028916,0.013693,0.037385,0.078862,0.14289,0.23404,0.35667,0.51485,0.71233,0.95249,1.2383,1.5723,1.9565,2.3925,2.8813,3.4232,4.0181,4.6651,5.363,6.1096,6.9023,7.7378,8.6122,9.521,10.181,10.853,11.533,12.22,12.908,13.596,14.279,14.953,15.615,16.26,16.885,17.485,18.055,18.593,19.093,19.552,19.965,20.329,20.64,20.895,21.09,21.222,21.289,21.288,21.217,21.074,20.858,20.569,20.204,19.765,19.252,18.665,18.005,17.274,16.473,15.606,14.675,13.683,12.633,11.531,10.379,9.1819,7.9456,6.6747,5.3748,4.0514,2.7104,1.3579,-0,-0,-0,-0,-0,-0,-0,-0,-0,-0,-0,-0,-0,-0,-0,-0,-0,-0,-0,-0,-0,-0,-0,-0,0,-0,0,0,0,0,0,0,0,0,0,0,0,0,0,0,0,0,0,0,0,0,0,0,0,-0.31548,-1.6813,-3.0393,-4.3833,-5.7074,-7.0057,-8.2726,-9.5029,-10.691,-11.834,-12.925,-13.961,-14.938,-15.853,-16.702,-17.484,-18.195,-18.835,-19.401,-19.894,-20.311,-20.654,-20.922,-21.116,-21.237,-21.288,-21.269,-21.183,-21.032,-20.82,-20.549,-20.223,-19.845,-19.419,-18.949,-18.439,-17.893,-17.315,-16.709,-16.08,-15.431,-14.767,-14.092,-13.409,-12.723,-12.037,-11.354,-10.677,-10.011
30.557,28.786,26.986,25.166,23.34,21.518,19.711,17.929,16.184,14.486,12.843,11.267,9.7646,8.3455,7.0174,5.7875,4.6623,3.648,2.7496,1.9719,1.3187,0.79291,0.39699,0.13242,-9.9374e-10,-9.9641e-10,0.13241,0.39696,0.79287,1.3186,1.972,2.7498,3.6484,4.6631,5.7887,7.0192,8.348,9.7679,11.271,12.849,14.492,16.192,17.939,19.722,21.531,23.354,25.182,27.002,28.804,30.576,31.804,33.004,34.172,35.301,36.385,37.418,38.395,39.309,40.156,40.93,41.625,42.237,42.761,43.192,43.526,43.76,43.89,43.913,43.828,43.631,43.322,42.899,42.363,41.713,40.951,40.078,39.095,38.006,36.813,35.52,34.131,32.651,31.085,29.439,27.719,25.932,24.083,22.182,20.234,18.248,16.232,14.194,12.141,10.083,8.0282,5.984,3.9591,1.9618,-0,-0,-0,-0,-0,-0,-0,-0,-0,-0,-0,-0,-0,-0,-0,-0,-0,-0,-0,-0,-0,-0,-0,-0,0,0,-0,-0,-0,-0,-0,-0,-0,-0,-0,-0,-0,-0,-0,-0,-0,-0,-0,-0,-0,-0,-0,-0,-0,0.45356,2.4438,4.4668,6.5144,8.5783,10.65,12.722,14.785,16.831,18.852,20.84,22.787,24.685,26.526,28.305,30.014,31.646,33.196,34.658,36.028,37.3,38.47,39.536,40.494,41.343,42.079,42.702,43.212,43.608,43.891,44.063,44.123,44.076,43.922,43.666,43.311,42.86,42.318,41.689,40.979,40.191,39.332,38.407,37.421,36.381,35.291,34.158,32.987,31.785
283.84,268.56,252.81,236.7,220.36,203.88,187.4,171.01,154.83,138.98,123.55,108.65,94.381,80.835,68.102,56.264,45.396,35.569,26.842,19.27,12.897,7.7602,3.8872,1.297,-9.7349e-09,-9.7607e-09,1.2968,3.8862,7.7578,12.892,19.262,26.831,35.553,45.375,56.236,68.067,80.791,94.326,108.58,123.47,138.88,154.72,170.88,187.25,203.71,220.16,236.47,252.54,268.26,283.51,293.94,304.02,313.71,322.96,331.72,339.93,347.57,354.59,360.94,366.59,371.5,375.65,378.99,381.52,383.19,384,383.92,382.94,381.06,378.26,374.55,369.92,364.39,357.95,350.63,342.44,333.39,323.52,312.86,301.42,289.25,276.38,262.86,248.72,234.02,218.8,203.12,187.03,170.58,153.84,136.86,119.7,102.43,85.107,67.799,50.57,33.484,16.606,0,0,0,0,0,0,0,0,0,0,0,0,0,0,0,0,0,0,0,0,0,0,0,0,-0,-0,0,0,0,0,0,0,0,0,0,0,0,0,0,0,0,0,0,0,0,0,0,0,0,3.8477,20.713,37.828,55.128,72.548,90.023,107.49,124.88,142.13,159.19,175.98,192.45,208.55,224.22,239.4,254.04,268.1,281.53,294.29,306.33,317.63,328.14,337.85,346.72,354.73,361.86,368.1,373.43,377.85,381.36,383.95,385.63,386.4,386.28,385.28,383.42,380.71,377.19,372.89,367.82,362.03,355.54,348.41,340.66,332.35,323.51,314.19,304.44,294.31
-0,-0,-0,-0,-0,-0,-0,-0,-0,-0,-0,-0,-0,-0,-0,-0,-0,-0,-0,-0,-0,-0,-0,-0,0,-0,0,0,0,0,0,0,0,0,0,0,0,0,0,0,0,0,0,0,0,0,0,0,0,-0.31548,-1.6813,-3.0393,-4.3833,-5.7074,-7.0057,-8.2726,-9.5029,-10.691,-11.834,-12.925,-13.961,-14.938,-15.853,-16.702,-17.484,-18.195,-18.835,-19.401,-19.894,-20.311,-20.654,-20.922,-21.116,-21.237,-21.288,-21.269,-21.183,-21.032,-20.82,-20.549,-20.223,-19.845,-19.419,-18.949,-18.439,-17.893,-17.315,-16.709,-16.08,-15.431,-14.767,-14.092,-13.409,-12.723,-12.037,-11.354,-10.677,-10.011,-9.3561,-8.4559,-7.5905,-6.7642,-5.981,-5.2439,-4.5557,-3.9182,-3.3328,-2.8002,-2.3205,-1.8932,-1.5173,-1.1912,-0.91286,-0.6796,-0.48845,-0.33599,-0.21844,-0.13168,-0.071363,-0.032871,-0.011432,-0.0021366,3.4551e-12,-9.1484e-12,0.0028916,0.013693,0.037385,0.078862,0.14289,0.23404,0.35667,0.51485,0.71233,0.95249,1.2383,1.5723,1.9565,2.3925,2.8813,3.4232,4.0181,4.6651,5.363,6.1096,6.9023,7.7378,8.6122,9.521,10.181,10.853,11.533,12.22,12.908,13.596,14.279,14.953,15.615,16.26,16.885,17.485,18.055,18.593,19.093,19.552,19.965,20.329,20.64,20.895,21.09,21.222,21.289,21.288,21.217,21.074,20.858,20.569,20.204,19.765,19.252,18.665,18.005,17.274,16.473,15.606,14.675,13.683,12.633,11.531,10.379,9.1819,7.9456,6.6747,5.3748,4.0514,2.7104,1.3579
0,0,0,0,0,0,0,0,0,0,0,0,0,0,0,0,0,0,0,0,0,0,0,0,-0,-0,0,0,0,0,0,0,0,0,0,0,0,0,0,0,0,0,0,0,0,0,0,0,0,-0.45356,-2.4438,-4.4668,-6.5144,-8.5783,-10.65,-12.722,-14.785,-16.831,-18.852,-20.84,-22.787,-24.685,-26.526,-28.305,-30.014,-31.646,-33.196,-34.658,-36.028,-37.3,-38.47,-39.536,-40.494,-41.343,-42.079,-42.702,-43.212,-43.608,-43.891,-44.063,-44.123,-44.076,-43.922,-43.666,-43.311,-42.86,-42.318,-41.689,-40.979,-40.191,-39.332,-38.407,-37.421,-36.381,-35.291,-34.158,-32.987,-31.785,-30.557,-28.786,-26.986,-25.166,-23.34,-21.518,-19.711,-17.929,-16.184,-14.486,-12.843,-11.267,-9.7646,-8.3455,-7.0174,-5.7875,-4.6623,-3.648,-2.7496,-1.9719,-1.3187,-0.79291,-0.39699,-0.13242,9.9374e-10,9.9641e-10,-0.13241,-0.39696,-0.79287,-1.3186,-1.972,-2.7498,-3.6484,-4.6631,-5.7887,-7.0192,-8.348,-9.7679,-11.271,-12.849,-14.492,-16.192,-17.939,-19.722,-21.531,-23.354,-25.182,-27.002,-28.804,-30.576,-31.804,-33.004,-34.172,-35.301,-36.385,-37.418,-38.395,-39.309,-40.156,-40.93,-41.625,-42.237,-42.761,-43.192,-43.526,-43.76,-43.89,-43.913,-43.828,-43.631,-43.322,-42.899,-42.363,-41.713,-40.951,-40.078,-39.095,-38.006,-36.813,-35.52,-34.131,-32.651,-31.085,-29.439,-27.719,-25.932,-24.083,-22.182,-20.234,-18.248,-16.232,-14.194,-12.141,-10.083,-8.0282,-5.984,-3.9591,-1.9618
0,0,0,0,0,0,0,0,0,0,0,0,0,0,0,0,0,0,0,0,0,0,0,0,-0,-0,0,0,0,0,0,0,0,0,0,0,0,0,0,0,0,0,0,0,0,0,0,0,0,3.8477,20.713,37.828,55.128,72.548,90.023,107.49,124.88,142.13,159.19,175.98,192.45,208.55,224.22,239.4,254.04,268.1,281.53,294.29,306.33,317.63,328.14,337.85,346.72,354.73,361.86,368.1,373.43,377.85,381.36,383.95,385.63,386.4,386.28,385.28,383.42,380.71,377.19,372.89,367.82,362.03,355.54,348.41,340.66,332.35,323.51,314.19,304.44,294.31,283.84,268.56,252.81,236.7,220.36,203.88,187.4,171.01,154.83,138.98,123.55,108.65,94.381,80.835,68.102,56.264,45.396,35.569,26.842,19.27,12.897,7.7602,3.8872,1.297,-9.7349e-09,-9.7607e-09,1.2968,3.8862,7.7578,12.892,19.262,26.831,35.553,45.375,56.236,68.067,80.791,94.326,108.58,123.47,138.88,154.72,170.88,187.25,203.71,220.16,236.47,252.54,268.26,283.51,293.94,304.02,313.71,322.96,331.72,339.93,347.57,354.59,360.94,366.59,371.5,375.65,378.99,381.52,383.19,384,383.92,382.94,381.06,378.26,374.55,369.92,364.39,357.95,350.63,342.44,333.39,323.52,312.86,301.42,289.25,276.38,262.86,248.72,234.02,218.8,203.12,187.03,170.58,153.84,136.86,119.7,102.43,85.107,67.799,50.57,33.484,16.606
